sample_id,path_number,map_name,roi_origin_px_i,roi_origin_px_j,source_relative_px_i,source_relative_px_j,ground_truth_file,obstacle_map_file,robot_path_file,num_path_steps
sample_00311,3,demo,,,,,sample_00311_gt.npy,sample_00311_obstacles.npy,sample_00311_path_3.csv,50
sample_00311,0,demo,,,,,sample_00311_gt.npy,sample_00311_obstacles.npy,sample_00311_path_0.csv,50
sample_00241,1,demo,,,,,sample_00241_gt.npy,sample_00241_obstacles.npy,sample_00241_path_1.csv,50
sample_00241,3,demo,,,,,sample_00241_gt.npy,sample_00241_obstacles.npy,sample_00241_path_3.csv,50
sample_00067,4,demo,,,,,sample_00067_gt.npy,sample_00067_obstacles.npy,sample_00067_path_4.csv,50
sample_00067,2,demo,,,,,sample_00067_gt.npy,sample_00067_obstacles.npy,sample_00067_path_2.csv,50
sample_00067,1,demo,,,,,sample_00067_gt.npy,sample_00067_obstacles.npy,sample_00067_path_1.csv,50
sample_00067,3,demo,,,,,sample_00067_gt.npy,sample_00067_obstacles.npy,sample_00067_path_3.csv,50
sample_00067,0,demo,,,,,sample_00067_gt.npy,sample_00067_obstacles.npy,sample_00067_path_0.csv,50
sample_00092,1,demo,,,,,sample_00092_gt.npy,sample_00092_obstacles.npy,sample_00092_path_1.csv,50
sample_00092,2,demo,,,,,sample_00092_gt.npy,sample_00092_obstacles.npy,sample_00092_path_2.csv,50
sample_00042,2,demo,,,,,sample_00042_gt.npy,sample_00042_obstacles.npy,sample_00042_path_2.csv,50
sample_00340,4,demo,,,,,sample_00340_gt.npy,sample_00340_obstacles.npy,sample_00340_path_4.csv,50
sample_00340,0,demo,,,,,sample_00340_gt.npy,sample_00340_obstacles.npy,sample_00340_path_0.csv,50
sample_00340,2,demo,,,,,sample_00340_gt.npy,sample_00340_obstacles.npy,sample_00340_path_2.csv,50
sample_00340,3,demo,,,,,sample_00340_gt.npy,sample_00340_obstacles.npy,sample_00340_path_3.csv,50
sample_00162,1,demo,,,,,sample_00162_gt.npy,sample_00162_obstacles.npy,sample_00162_path_1.csv,50
sample_00162,4,demo,,,,,sample_00162_gt.npy,sample_00162_obstacles.npy,sample_00162_path_4.csv,50
sample_00162,0,demo,,,,,sample_00162_gt.npy,sample_00162_obstacles.npy,sample_00162_path_0.csv,50
sample_00162,3,demo,,,,,sample_00162_gt.npy,sample_00162_obstacles.npy,sample_00162_path_3.csv,50
sample_00336,1,demo,,,,,sample_00336_gt.npy,sample_00336_obstacles.npy,sample_00336_path_1.csv,50
sample_00336,0,demo,,,,,sample_00336_gt.npy,sample_00336_obstacles.npy,sample_00336_path_0.csv,50
sample_00202,4,demo,,,,,sample_00202_gt.npy,sample_00202_obstacles.npy,sample_00202_path_4.csv,50
sample_00202,0,demo,,,,,sample_00202_gt.npy,sample_00202_obstacles.npy,sample_00202_path_0.csv,50
sample_00202,3,demo,,,,,sample_00202_gt.npy,sample_00202_obstacles.npy,sample_00202_path_3.csv,50
sample_00013,0,demo,,,,,sample_00013_gt.npy,sample_00013_obstacles.npy,sample_00013_path_0.csv,50
sample_00013,4,demo,,,,,sample_00013_gt.npy,sample_00013_obstacles.npy,sample_00013_path_4.csv,50
sample_00013,3,demo,,,,,sample_00013_gt.npy,sample_00013_obstacles.npy,sample_00013_path_3.csv,50
sample_00013,2,demo,,,,,sample_00013_gt.npy,sample_00013_obstacles.npy,sample_00013_path_2.csv,50
sample_00013,1,demo,,,,,sample_00013_gt.npy,sample_00013_obstacles.npy,sample_00013_path_1.csv,50
sample_00272,2,demo,,,,,sample_00272_gt.npy,sample_00272_obstacles.npy,sample_00272_path_2.csv,50
sample_00047,2,demo,,,,,sample_00047_gt.npy,sample_00047_obstacles.npy,sample_00047_path_2.csv,50
sample_00047,0,demo,,,,,sample_00047_gt.npy,sample_00047_obstacles.npy,sample_00047_path_0.csv,50
sample_00047,1,demo,,,,,sample_00047_gt.npy,sample_00047_obstacles.npy,sample_00047_path_1.csv,50
sample_00047,4,demo,,,,,sample_00047_gt.npy,sample_00047_obstacles.npy,sample_00047_path_4.csv,50
sample_00093,4,demo,,,,,sample_00093_gt.npy,sample_00093_obstacles.npy,sample_00093_path_4.csv,50
sample_00075,0,demo,,,,,sample_00075_gt.npy,sample_00075_obstacles.npy,sample_00075_path_0.csv,50
sample_00075,4,demo,,,,,sample_00075_gt.npy,sample_00075_obstacles.npy,sample_00075_path_4.csv,50
sample_00069,2,demo,,,,,sample_00069_gt.npy,sample_00069_obstacles.npy,sample_00069_path_2.csv,50
sample_00110,1,demo,,,,,sample_00110_gt.npy,sample_00110_obstacles.npy,sample_00110_path_1.csv,50
sample_00083,4,demo,,,,,sample_00083_gt.npy,sample_00083_obstacles.npy,sample_00083_path_4.csv,50
sample_00083,2,demo,,,,,sample_00083_gt.npy,sample_00083_obstacles.npy,sample_00083_path_2.csv,50
sample_00274,0,demo,,,,,sample_00274_gt.npy,sample_00274_obstacles.npy,sample_00274_path_0.csv,50
sample_00195,3,demo,,,,,sample_00195_gt.npy,sample_00195_obstacles.npy,sample_00195_path_3.csv,50
sample_00195,2,demo,,,,,sample_00195_gt.npy,sample_00195_obstacles.npy,sample_00195_path_2.csv,50
sample_00198,4,demo,,,,,sample_00198_gt.npy,sample_00198_obstacles.npy,sample_00198_path_4.csv,50
sample_00198,0,demo,,,,,sample_00198_gt.npy,sample_00198_obstacles.npy,sample_00198_path_0.csv,50
sample_00105,3,demo,,,,,sample_00105_gt.npy,sample_00105_obstacles.npy,sample_00105_path_3.csv,50
sample_00105,2,demo,,,,,sample_00105_gt.npy,sample_00105_obstacles.npy,sample_00105_path_2.csv,50
sample_00105,1,demo,,,,,sample_00105_gt.npy,sample_00105_obstacles.npy,sample_00105_path_1.csv,50
sample_00105,4,demo,,,,,sample_00105_gt.npy,sample_00105_obstacles.npy,sample_00105_path_4.csv,50
sample_00207,3,demo,,,,,sample_00207_gt.npy,sample_00207_obstacles.npy,sample_00207_path_3.csv,50
sample_00207,4,demo,,,,,sample_00207_gt.npy,sample_00207_obstacles.npy,sample_00207_path_4.csv,50
sample_00207,2,demo,,,,,sample_00207_gt.npy,sample_00207_obstacles.npy,sample_00207_path_2.csv,50
sample_00084,2,demo,,,,,sample_00084_gt.npy,sample_00084_obstacles.npy,sample_00084_path_2.csv,50
sample_00084,1,demo,,,,,sample_00084_gt.npy,sample_00084_obstacles.npy,sample_00084_path_1.csv,50
sample_00084,4,demo,,,,,sample_00084_gt.npy,sample_00084_obstacles.npy,sample_00084_path_4.csv,50
sample_00084,3,demo,,,,,sample_00084_gt.npy,sample_00084_obstacles.npy,sample_00084_path_3.csv,50
sample_00304,2,demo,,,,,sample_00304_gt.npy,sample_00304_obstacles.npy,sample_00304_path_2.csv,50
sample_00222,4,demo,,,,,sample_00222_gt.npy,sample_00222_obstacles.npy,sample_00222_path_4.csv,50
sample_00251,3,demo,,,,,sample_00251_gt.npy,sample_00251_obstacles.npy,sample_00251_path_3.csv,50
sample_00251,1,demo,,,,,sample_00251_gt.npy,sample_00251_obstacles.npy,sample_00251_path_1.csv,50
sample_00251,0,demo,,,,,sample_00251_gt.npy,sample_00251_obstacles.npy,sample_00251_path_0.csv,50
sample_00251,2,demo,,,,,sample_00251_gt.npy,sample_00251_obstacles.npy,sample_00251_path_2.csv,50
sample_00002,1,demo,,,,,sample_00002_gt.npy,sample_00002_obstacles.npy,sample_00002_path_1.csv,50
sample_00245,3,demo,,,,,sample_00245_gt.npy,sample_00245_obstacles.npy,sample_00245_path_3.csv,50
sample_00245,4,demo,,,,,sample_00245_gt.npy,sample_00245_obstacles.npy,sample_00245_path_4.csv,50
sample_00245,2,demo,,,,,sample_00245_gt.npy,sample_00245_obstacles.npy,sample_00245_path_2.csv,50
sample_00315,3,demo,,,,,sample_00315_gt.npy,sample_00315_obstacles.npy,sample_00315_path_3.csv,50
sample_00315,4,demo,,,,,sample_00315_gt.npy,sample_00315_obstacles.npy,sample_00315_path_4.csv,50
sample_00315,0,demo,,,,,sample_00315_gt.npy,sample_00315_obstacles.npy,sample_00315_path_0.csv,50
sample_00029,4,demo,,,,,sample_00029_gt.npy,sample_00029_obstacles.npy,sample_00029_path_4.csv,50
sample_00231,1,demo,,,,,sample_00231_gt.npy,sample_00231_obstacles.npy,sample_00231_path_1.csv,50
sample_00231,3,demo,,,,,sample_00231_gt.npy,sample_00231_obstacles.npy,sample_00231_path_3.csv,50
sample_00027,4,demo,,,,,sample_00027_gt.npy,sample_00027_obstacles.npy,sample_00027_path_4.csv,50
sample_00027,0,demo,,,,,sample_00027_gt.npy,sample_00027_obstacles.npy,sample_00027_path_0.csv,50
sample_00027,1,demo,,,,,sample_00027_gt.npy,sample_00027_obstacles.npy,sample_00027_path_1.csv,50
sample_00077,4,demo,,,,,sample_00077_gt.npy,sample_00077_obstacles.npy,sample_00077_path_4.csv,50
sample_00077,3,demo,,,,,sample_00077_gt.npy,sample_00077_obstacles.npy,sample_00077_path_3.csv,50
sample_00077,0,demo,,,,,sample_00077_gt.npy,sample_00077_obstacles.npy,sample_00077_path_0.csv,50
sample_00077,1,demo,,,,,sample_00077_gt.npy,sample_00077_obstacles.npy,sample_00077_path_1.csv,50
sample_00077,2,demo,,,,,sample_00077_gt.npy,sample_00077_obstacles.npy,sample_00077_path_2.csv,50
sample_00055,0,demo,,,,,sample_00055_gt.npy,sample_00055_obstacles.npy,sample_00055_path_0.csv,50
sample_00125,3,demo,,,,,sample_00125_gt.npy,sample_00125_obstacles.npy,sample_00125_path_3.csv,50
sample_00125,2,demo,,,,,sample_00125_gt.npy,sample_00125_obstacles.npy,sample_00125_path_2.csv,50
sample_00125,1,demo,,,,,sample_00125_gt.npy,sample_00125_obstacles.npy,sample_00125_path_1.csv,50
sample_00328,2,demo,,,,,sample_00328_gt.npy,sample_00328_obstacles.npy,sample_00328_path_2.csv,50
sample_00252,3,demo,,,,,sample_00252_gt.npy,sample_00252_obstacles.npy,sample_00252_path_3.csv,50
sample_00252,4,demo,,,,,sample_00252_gt.npy,sample_00252_obstacles.npy,sample_00252_path_4.csv,50
sample_00197,3,demo,,,,,sample_00197_gt.npy,sample_00197_obstacles.npy,sample_00197_path_3.csv,50
sample_00022,4,demo,,,,,sample_00022_gt.npy,sample_00022_obstacles.npy,sample_00022_path_4.csv,50
sample_00000,1,demo,,,,,sample_00000_gt.npy,sample_00000_obstacles.npy,sample_00000_path_1.csv,50
sample_00000,3,demo,,,,,sample_00000_gt.npy,sample_00000_obstacles.npy,sample_00000_path_3.csv,50
sample_00065,1,demo,,,,,sample_00065_gt.npy,sample_00065_obstacles.npy,sample_00065_path_1.csv,50
sample_00065,4,demo,,,,,sample_00065_gt.npy,sample_00065_obstacles.npy,sample_00065_path_4.csv,50
sample_00065,3,demo,,,,,sample_00065_gt.npy,sample_00065_obstacles.npy,sample_00065_path_3.csv,50
sample_00065,2,demo,,,,,sample_00065_gt.npy,sample_00065_obstacles.npy,sample_00065_path_2.csv,50
sample_00182,3,demo,,,,,sample_00182_gt.npy,sample_00182_obstacles.npy,sample_00182_path_3.csv,50
sample_00187,1,demo,,,,,sample_00187_gt.npy,sample_00187_obstacles.npy,sample_00187_path_1.csv,50
sample_00187,4,demo,,,,,sample_00187_gt.npy,sample_00187_obstacles.npy,sample_00187_path_4.csv,50
sample_00187,2,demo,,,,,sample_00187_gt.npy,sample_00187_obstacles.npy,sample_00187_path_2.csv,50
sample_00235,0,demo,,,,,sample_00235_gt.npy,sample_00235_obstacles.npy,sample_00235_path_0.csv,50
sample_00235,2,demo,,,,,sample_00235_gt.npy,sample_00235_obstacles.npy,sample_00235_path_2.csv,50
sample_00235,3,demo,,,,,sample_00235_gt.npy,sample_00235_obstacles.npy,sample_00235_path_3.csv,50
sample_00081,3,demo,,,,,sample_00081_gt.npy,sample_00081_obstacles.npy,sample_00081_path_3.csv,50
sample_00225,2,demo,,,,,sample_00225_gt.npy,sample_00225_obstacles.npy,sample_00225_path_2.csv,50
sample_00308,2,demo,,,,,sample_00308_gt.npy,sample_00308_obstacles.npy,sample_00308_path_2.csv,50
sample_00196,0,demo,,,,,sample_00196_gt.npy,sample_00196_obstacles.npy,sample_00196_path_0.csv,50
sample_00156,2,demo,,,,,sample_00156_gt.npy,sample_00156_obstacles.npy,sample_00156_path_2.csv,50
sample_00028,3,demo,,,,,sample_00028_gt.npy,sample_00028_obstacles.npy,sample_00028_path_3.csv,50
sample_00306,3,demo,,,,,sample_00306_gt.npy,sample_00306_obstacles.npy,sample_00306_path_3.csv,50
sample_00306,4,demo,,,,,sample_00306_gt.npy,sample_00306_obstacles.npy,sample_00306_path_4.csv,50
sample_00129,3,demo,,,,,sample_00129_gt.npy,sample_00129_obstacles.npy,sample_00129_path_3.csv,50
sample_00097,3,demo,,,,,sample_00097_gt.npy,sample_00097_obstacles.npy,sample_00097_path_3.csv,50
sample_00130,2,demo,,,,,sample_00130_gt.npy,sample_00130_obstacles.npy,sample_00130_path_2.csv,50
sample_00130,4,demo,,,,,sample_00130_gt.npy,sample_00130_obstacles.npy,sample_00130_path_4.csv,50
sample_00086,0,demo,,,,,sample_00086_gt.npy,sample_00086_obstacles.npy,sample_00086_path_0.csv,50
sample_00086,2,demo,,,,,sample_00086_gt.npy,sample_00086_obstacles.npy,sample_00086_path_2.csv,50
sample_00327,3,demo,,,,,sample_00327_gt.npy,sample_00327_obstacles.npy,sample_00327_path_3.csv,50
sample_00327,1,demo,,,,,sample_00327_gt.npy,sample_00327_obstacles.npy,sample_00327_path_1.csv,50
sample_00327,2,demo,,,,,sample_00327_gt.npy,sample_00327_obstacles.npy,sample_00327_path_2.csv,50
sample_00262,1,demo,,,,,sample_00262_gt.npy,sample_00262_obstacles.npy,sample_00262_path_1.csv,50
sample_00134,1,demo,,,,,sample_00134_gt.npy,sample_00134_obstacles.npy,sample_00134_path_1.csv,50
sample_00134,4,demo,,,,,sample_00134_gt.npy,sample_00134_obstacles.npy,sample_00134_path_4.csv,50
sample_00134,3,demo,,,,,sample_00134_gt.npy,sample_00134_obstacles.npy,sample_00134_path_3.csv,50
sample_00134,0,demo,,,,,sample_00134_gt.npy,sample_00134_obstacles.npy,sample_00134_path_0.csv,50
sample_00052,3,demo,,,,,sample_00052_gt.npy,sample_00052_obstacles.npy,sample_00052_path_3.csv,50
sample_00052,4,demo,,,,,sample_00052_gt.npy,sample_00052_obstacles.npy,sample_00052_path_4.csv,50
sample_00338,1,demo,,,,,sample_00338_gt.npy,sample_00338_obstacles.npy,sample_00338_path_1.csv,50
sample_00338,0,demo,,,,,sample_00338_gt.npy,sample_00338_obstacles.npy,sample_00338_path_0.csv,50
sample_00016,0,demo,,,,,sample_00016_gt.npy,sample_00016_obstacles.npy,sample_00016_path_0.csv,50
sample_00016,2,demo,,,,,sample_00016_gt.npy,sample_00016_obstacles.npy,sample_00016_path_2.csv,50
sample_00016,4,demo,,,,,sample_00016_gt.npy,sample_00016_obstacles.npy,sample_00016_path_4.csv,50
sample_00016,3,demo,,,,,sample_00016_gt.npy,sample_00016_obstacles.npy,sample_00016_path_3.csv,50
sample_00314,0,demo,,,,,sample_00314_gt.npy,sample_00314_obstacles.npy,sample_00314_path_0.csv,50
sample_00314,2,demo,,,,,sample_00314_gt.npy,sample_00314_obstacles.npy,sample_00314_path_2.csv,50
sample_00314,3,demo,,,,,sample_00314_gt.npy,sample_00314_obstacles.npy,sample_00314_path_3.csv,50
sample_00098,3,demo,,,,,sample_00098_gt.npy,sample_00098_obstacles.npy,sample_00098_path_3.csv,50
sample_00208,2,demo,,,,,sample_00208_gt.npy,sample_00208_obstacles.npy,sample_00208_path_2.csv,50
sample_00208,3,demo,,,,,sample_00208_gt.npy,sample_00208_obstacles.npy,sample_00208_path_3.csv,50
sample_00208,1,demo,,,,,sample_00208_gt.npy,sample_00208_obstacles.npy,sample_00208_path_1.csv,50
sample_00064,0,demo,,,,,sample_00064_gt.npy,sample_00064_obstacles.npy,sample_00064_path_0.csv,50
sample_00278,4,demo,,,,,sample_00278_gt.npy,sample_00278_obstacles.npy,sample_00278_path_4.csv,50
sample_00278,3,demo,,,,,sample_00278_gt.npy,sample_00278_obstacles.npy,sample_00278_path_3.csv,50
sample_00121,1,demo,,,,,sample_00121_gt.npy,sample_00121_obstacles.npy,sample_00121_path_1.csv,50
sample_00121,2,demo,,,,,sample_00121_gt.npy,sample_00121_obstacles.npy,sample_00121_path_2.csv,50
sample_00176,0,demo,,,,,sample_00176_gt.npy,sample_00176_obstacles.npy,sample_00176_path_0.csv,50
sample_00176,3,demo,,,,,sample_00176_gt.npy,sample_00176_obstacles.npy,sample_00176_path_3.csv,50
sample_00176,1,demo,,,,,sample_00176_gt.npy,sample_00176_obstacles.npy,sample_00176_path_1.csv,50
sample_00176,2,demo,,,,,sample_00176_gt.npy,sample_00176_obstacles.npy,sample_00176_path_2.csv,50
sample_00015,1,demo,,,,,sample_00015_gt.npy,sample_00015_obstacles.npy,sample_00015_path_1.csv,50
sample_00218,2,demo,,,,,sample_00218_gt.npy,sample_00218_obstacles.npy,sample_00218_path_2.csv,50
sample_00145,3,demo,,,,,sample_00145_gt.npy,sample_00145_obstacles.npy,sample_00145_path_3.csv,50
sample_00145,2,demo,,,,,sample_00145_gt.npy,sample_00145_obstacles.npy,sample_00145_path_2.csv,50
sample_00145,1,demo,,,,,sample_00145_gt.npy,sample_00145_obstacles.npy,sample_00145_path_1.csv,50
sample_00020,3,demo,,,,,sample_00020_gt.npy,sample_00020_obstacles.npy,sample_00020_path_3.csv,50
sample_00020,4,demo,,,,,sample_00020_gt.npy,sample_00020_obstacles.npy,sample_00020_path_4.csv,50
sample_00020,1,demo,,,,,sample_00020_gt.npy,sample_00020_obstacles.npy,sample_00020_path_1.csv,50
sample_00339,4,demo,,,,,sample_00339_gt.npy,sample_00339_obstacles.npy,sample_00339_path_4.csv,50
sample_00339,0,demo,,,,,sample_00339_gt.npy,sample_00339_obstacles.npy,sample_00339_path_0.csv,50
sample_00339,2,demo,,,,,sample_00339_gt.npy,sample_00339_obstacles.npy,sample_00339_path_2.csv,50
sample_00339,1,demo,,,,,sample_00339_gt.npy,sample_00339_obstacles.npy,sample_00339_path_1.csv,50
sample_00339,3,demo,,,,,sample_00339_gt.npy,sample_00339_obstacles.npy,sample_00339_path_3.csv,50
sample_00143,4,demo,,,,,sample_00143_gt.npy,sample_00143_obstacles.npy,sample_00143_path_4.csv,50
sample_00143,0,demo,,,,,sample_00143_gt.npy,sample_00143_obstacles.npy,sample_00143_path_0.csv,50
sample_00025,3,demo,,,,,sample_00025_gt.npy,sample_00025_obstacles.npy,sample_00025_path_3.csv,50
sample_00025,2,demo,,,,,sample_00025_gt.npy,sample_00025_obstacles.npy,sample_00025_path_2.csv,50
sample_00250,0,demo,,,,,sample_00250_gt.npy,sample_00250_obstacles.npy,sample_00250_path_0.csv,50
sample_00250,2,demo,,,,,sample_00250_gt.npy,sample_00250_obstacles.npy,sample_00250_path_2.csv,50
sample_00215,4,demo,,,,,sample_00215_gt.npy,sample_00215_obstacles.npy,sample_00215_path_4.csv,50
sample_00215,0,demo,,,,,sample_00215_gt.npy,sample_00215_obstacles.npy,sample_00215_path_0.csv,50
sample_00215,2,demo,,,,,sample_00215_gt.npy,sample_00215_obstacles.npy,sample_00215_path_2.csv,50
sample_00189,1,demo,,,,,sample_00189_gt.npy,sample_00189_obstacles.npy,sample_00189_path_1.csv,50
sample_00014,2,demo,,,,,sample_00014_gt.npy,sample_00014_obstacles.npy,sample_00014_path_2.csv,50
sample_00014,1,demo,,,,,sample_00014_gt.npy,sample_00014_obstacles.npy,sample_00014_path_1.csv,50
sample_00333,4,demo,,,,,sample_00333_gt.npy,sample_00333_obstacles.npy,sample_00333_path_4.csv,50
sample_00333,3,demo,,,,,sample_00333_gt.npy,sample_00333_obstacles.npy,sample_00333_path_3.csv,50
sample_00333,0,demo,,,,,sample_00333_gt.npy,sample_00333_obstacles.npy,sample_00333_path_0.csv,50
sample_00131,3,demo,,,,,sample_00131_gt.npy,sample_00131_obstacles.npy,sample_00131_path_3.csv,50
sample_00131,2,demo,,,,,sample_00131_gt.npy,sample_00131_obstacles.npy,sample_00131_path_2.csv,50
sample_00115,1,demo,,,,,sample_00115_gt.npy,sample_00115_obstacles.npy,sample_00115_path_1.csv,50
sample_00154,4,demo,,,,,sample_00154_gt.npy,sample_00154_obstacles.npy,sample_00154_path_4.csv,50
sample_00316,1,demo,,,,,sample_00316_gt.npy,sample_00316_obstacles.npy,sample_00316_path_1.csv,50
sample_00316,4,demo,,,,,sample_00316_gt.npy,sample_00316_obstacles.npy,sample_00316_path_4.csv,50
sample_00177,0,demo,,,,,sample_00177_gt.npy,sample_00177_obstacles.npy,sample_00177_path_0.csv,50
sample_00177,2,demo,,,,,sample_00177_gt.npy,sample_00177_obstacles.npy,sample_00177_path_2.csv,50
sample_00281,4,demo,,,,,sample_00281_gt.npy,sample_00281_obstacles.npy,sample_00281_path_4.csv,50
sample_00281,2,demo,,,,,sample_00281_gt.npy,sample_00281_obstacles.npy,sample_00281_path_2.csv,50
sample_00281,0,demo,,,,,sample_00281_gt.npy,sample_00281_obstacles.npy,sample_00281_path_0.csv,50
sample_00281,3,demo,,,,,sample_00281_gt.npy,sample_00281_obstacles.npy,sample_00281_path_3.csv,50
sample_00281,1,demo,,,,,sample_00281_gt.npy,sample_00281_obstacles.npy,sample_00281_path_1.csv,50
sample_00031,3,demo,,,,,sample_00031_gt.npy,sample_00031_obstacles.npy,sample_00031_path_3.csv,50
sample_00031,4,demo,,,,,sample_00031_gt.npy,sample_00031_obstacles.npy,sample_00031_path_4.csv,50
sample_00031,0,demo,,,,,sample_00031_gt.npy,sample_00031_obstacles.npy,sample_00031_path_0.csv,50
sample_00031,2,demo,,,,,sample_00031_gt.npy,sample_00031_obstacles.npy,sample_00031_path_2.csv,50
sample_00331,1,demo,,,,,sample_00331_gt.npy,sample_00331_obstacles.npy,sample_00331_path_1.csv,50
sample_00331,2,demo,,,,,sample_00331_gt.npy,sample_00331_obstacles.npy,sample_00331_path_2.csv,50
sample_00331,0,demo,,,,,sample_00331_gt.npy,sample_00331_obstacles.npy,sample_00331_path_0.csv,50
sample_00273,0,demo,,,,,sample_00273_gt.npy,sample_00273_obstacles.npy,sample_00273_path_0.csv,50
sample_00273,3,demo,,,,,sample_00273_gt.npy,sample_00273_obstacles.npy,sample_00273_path_3.csv,50
sample_00273,2,demo,,,,,sample_00273_gt.npy,sample_00273_obstacles.npy,sample_00273_path_2.csv,50
sample_00273,1,demo,,,,,sample_00273_gt.npy,sample_00273_obstacles.npy,sample_00273_path_1.csv,50
sample_00082,4,demo,,,,,sample_00082_gt.npy,sample_00082_obstacles.npy,sample_00082_path_4.csv,50
sample_00082,3,demo,,,,,sample_00082_gt.npy,sample_00082_obstacles.npy,sample_00082_path_3.csv,50
sample_00178,3,demo,,,,,sample_00178_gt.npy,sample_00178_obstacles.npy,sample_00178_path_3.csv,50
sample_00247,3,demo,,,,,sample_00247_gt.npy,sample_00247_obstacles.npy,sample_00247_path_3.csv,50
sample_00201,4,demo,,,,,sample_00201_gt.npy,sample_00201_obstacles.npy,sample_00201_path_4.csv,50
sample_00201,3,demo,,,,,sample_00201_gt.npy,sample_00201_obstacles.npy,sample_00201_path_3.csv,50
sample_00201,0,demo,,,,,sample_00201_gt.npy,sample_00201_obstacles.npy,sample_00201_path_0.csv,50
sample_00133,2,demo,,,,,sample_00133_gt.npy,sample_00133_obstacles.npy,sample_00133_path_2.csv,50
sample_00133,1,demo,,,,,sample_00133_gt.npy,sample_00133_obstacles.npy,sample_00133_path_1.csv,50
sample_00080,3,demo,,,,,sample_00080_gt.npy,sample_00080_obstacles.npy,sample_00080_path_3.csv,50
sample_00132,4,demo,,,,,sample_00132_gt.npy,sample_00132_obstacles.npy,sample_00132_path_4.csv,50
sample_00219,0,demo,,,,,sample_00219_gt.npy,sample_00219_obstacles.npy,sample_00219_path_0.csv,50
sample_00106,2,demo,,,,,sample_00106_gt.npy,sample_00106_obstacles.npy,sample_00106_path_2.csv,50
sample_00106,4,demo,,,,,sample_00106_gt.npy,sample_00106_obstacles.npy,sample_00106_path_4.csv,50
sample_00288,4,demo,,,,,sample_00288_gt.npy,sample_00288_obstacles.npy,sample_00288_path_4.csv,50
sample_00265,1,demo,,,,,sample_00265_gt.npy,sample_00265_obstacles.npy,sample_00265_path_1.csv,50
sample_00085,3,demo,,,,,sample_00085_gt.npy,sample_00085_obstacles.npy,sample_00085_path_3.csv,50
sample_00085,1,demo,,,,,sample_00085_gt.npy,sample_00085_obstacles.npy,sample_00085_path_1.csv,50
sample_00085,0,demo,,,,,sample_00085_gt.npy,sample_00085_obstacles.npy,sample_00085_path_0.csv,50
sample_00248,4,demo,,,,,sample_00248_gt.npy,sample_00248_obstacles.npy,sample_00248_path_4.csv,50
sample_00248,0,demo,,,,,sample_00248_gt.npy,sample_00248_obstacles.npy,sample_00248_path_0.csv,50
sample_00248,1,demo,,,,,sample_00248_gt.npy,sample_00248_obstacles.npy,sample_00248_path_1.csv,50
sample_00248,3,demo,,,,,sample_00248_gt.npy,sample_00248_obstacles.npy,sample_00248_path_3.csv,50
sample_00299,1,demo,,,,,sample_00299_gt.npy,sample_00299_obstacles.npy,sample_00299_path_1.csv,50
sample_00211,3,demo,,,,,sample_00211_gt.npy,sample_00211_obstacles.npy,sample_00211_path_3.csv,50
sample_00036,1,demo,,,,,sample_00036_gt.npy,sample_00036_obstacles.npy,sample_00036_path_1.csv,50
sample_00036,0,demo,,,,,sample_00036_gt.npy,sample_00036_obstacles.npy,sample_00036_path_0.csv,50
sample_00036,2,demo,,,,,sample_00036_gt.npy,sample_00036_obstacles.npy,sample_00036_path_2.csv,50
sample_00032,2,demo,,,,,sample_00032_gt.npy,sample_00032_obstacles.npy,sample_00032_path_2.csv,50
sample_00032,0,demo,,,,,sample_00032_gt.npy,sample_00032_obstacles.npy,sample_00032_path_0.csv,50
sample_00240,2,demo,,,,,sample_00240_gt.npy,sample_00240_obstacles.npy,sample_00240_path_2.csv,50
sample_00206,2,demo,,,,,sample_00206_gt.npy,sample_00206_obstacles.npy,sample_00206_path_2.csv,50
sample_00206,3,demo,,,,,sample_00206_gt.npy,sample_00206_obstacles.npy,sample_00206_path_3.csv,50
sample_00206,1,demo,,,,,sample_00206_gt.npy,sample_00206_obstacles.npy,sample_00206_path_1.csv,50
sample_00206,4,demo,,,,,sample_00206_gt.npy,sample_00206_obstacles.npy,sample_00206_path_4.csv,50
sample_00206,0,demo,,,,,sample_00206_gt.npy,sample_00206_obstacles.npy,sample_00206_path_0.csv,50
sample_00114,3,demo,,,,,sample_00114_gt.npy,sample_00114_obstacles.npy,sample_00114_path_3.csv,50
sample_00019,3,demo,,,,,sample_00019_gt.npy,sample_00019_obstacles.npy,sample_00019_path_3.csv,50
sample_00152,4,demo,,,,,sample_00152_gt.npy,sample_00152_obstacles.npy,sample_00152_path_4.csv,50
sample_00324,1,demo,,,,,sample_00324_gt.npy,sample_00324_obstacles.npy,sample_00324_path_1.csv,50
sample_00324,4,demo,,,,,sample_00324_gt.npy,sample_00324_obstacles.npy,sample_00324_path_4.csv,50
sample_00324,3,demo,,,,,sample_00324_gt.npy,sample_00324_obstacles.npy,sample_00324_path_3.csv,50
sample_00319,4,demo,,,,,sample_00319_gt.npy,sample_00319_obstacles.npy,sample_00319_path_4.csv,50
sample_00183,3,demo,,,,,sample_00183_gt.npy,sample_00183_obstacles.npy,sample_00183_path_3.csv,50
sample_00183,2,demo,,,,,sample_00183_gt.npy,sample_00183_obstacles.npy,sample_00183_path_2.csv,50
sample_00183,0,demo,,,,,sample_00183_gt.npy,sample_00183_obstacles.npy,sample_00183_path_0.csv,50
sample_00183,1,demo,,,,,sample_00183_gt.npy,sample_00183_obstacles.npy,sample_00183_path_1.csv,50
sample_00183,4,demo,,,,,sample_00183_gt.npy,sample_00183_obstacles.npy,sample_00183_path_4.csv,50
sample_00021,1,demo,,,,,sample_00021_gt.npy,sample_00021_obstacles.npy,sample_00021_path_1.csv,50
sample_00021,2,demo,,,,,sample_00021_gt.npy,sample_00021_obstacles.npy,sample_00021_path_2.csv,50
sample_00122,4,demo,,,,,sample_00122_gt.npy,sample_00122_obstacles.npy,sample_00122_path_4.csv,50
sample_00260,1,demo,,,,,sample_00260_gt.npy,sample_00260_obstacles.npy,sample_00260_path_1.csv,50
sample_00165,3,demo,,,,,sample_00165_gt.npy,sample_00165_obstacles.npy,sample_00165_path_3.csv,50
sample_00141,2,demo,,,,,sample_00141_gt.npy,sample_00141_obstacles.npy,sample_00141_path_2.csv,50
sample_00141,4,demo,,,,,sample_00141_gt.npy,sample_00141_obstacles.npy,sample_00141_path_4.csv,50
sample_00035,1,demo,,,,,sample_00035_gt.npy,sample_00035_obstacles.npy,sample_00035_path_1.csv,50
sample_00181,3,demo,,,,,sample_00181_gt.npy,sample_00181_obstacles.npy,sample_00181_path_3.csv,50
sample_00181,0,demo,,,,,sample_00181_gt.npy,sample_00181_obstacles.npy,sample_00181_path_0.csv,50
sample_00228,0,demo,,,,,sample_00228_gt.npy,sample_00228_obstacles.npy,sample_00228_path_0.csv,50
sample_00261,2,demo,,,,,sample_00261_gt.npy,sample_00261_obstacles.npy,sample_00261_path_2.csv,50
sample_00018,0,demo,,,,,sample_00018_gt.npy,sample_00018_obstacles.npy,sample_00018_path_0.csv,50
sample_00018,2,demo,,,,,sample_00018_gt.npy,sample_00018_obstacles.npy,sample_00018_path_2.csv,50
sample_00018,4,demo,,,,,sample_00018_gt.npy,sample_00018_obstacles.npy,sample_00018_path_4.csv,50
sample_00018,3,demo,,,,,sample_00018_gt.npy,sample_00018_obstacles.npy,sample_00018_path_3.csv,50
sample_00192,1,demo,,,,,sample_00192_gt.npy,sample_00192_obstacles.npy,sample_00192_path_1.csv,50
sample_00120,0,demo,,,,,sample_00120_gt.npy,sample_00120_obstacles.npy,sample_00120_path_0.csv,50
sample_00096,1,demo,,,,,sample_00096_gt.npy,sample_00096_obstacles.npy,sample_00096_path_1.csv,50
sample_00096,3,demo,,,,,sample_00096_gt.npy,sample_00096_obstacles.npy,sample_00096_path_3.csv,50
sample_00096,4,demo,,,,,sample_00096_gt.npy,sample_00096_obstacles.npy,sample_00096_path_4.csv,50
sample_00062,4,demo,,,,,sample_00062_gt.npy,sample_00062_obstacles.npy,sample_00062_path_4.csv,50
sample_00062,1,demo,,,,,sample_00062_gt.npy,sample_00062_obstacles.npy,sample_00062_path_1.csv,50
sample_00062,2,demo,,,,,sample_00062_gt.npy,sample_00062_obstacles.npy,sample_00062_path_2.csv,50
sample_00050,0,demo,,,,,sample_00050_gt.npy,sample_00050_obstacles.npy,sample_00050_path_0.csv,50
sample_00050,1,demo,,,,,sample_00050_gt.npy,sample_00050_obstacles.npy,sample_00050_path_1.csv,50
sample_00159,4,demo,,,,,sample_00159_gt.npy,sample_00159_obstacles.npy,sample_00159_path_4.csv,50
sample_00159,2,demo,,,,,sample_00159_gt.npy,sample_00159_obstacles.npy,sample_00159_path_2.csv,50
sample_00159,1,demo,,,,,sample_00159_gt.npy,sample_00159_obstacles.npy,sample_00159_path_1.csv,50
sample_00275,3,demo,,,,,sample_00275_gt.npy,sample_00275_obstacles.npy,sample_00275_path_3.csv,50
sample_00275,1,demo,,,,,sample_00275_gt.npy,sample_00275_obstacles.npy,sample_00275_path_1.csv,50
sample_00271,2,demo,,,,,sample_00271_gt.npy,sample_00271_obstacles.npy,sample_00271_path_2.csv,50
sample_00049,1,demo,,,,,sample_00049_gt.npy,sample_00049_obstacles.npy,sample_00049_path_1.csv,50
sample_00049,2,demo,,,,,sample_00049_gt.npy,sample_00049_obstacles.npy,sample_00049_path_2.csv,50
sample_00007,0,demo,,,,,sample_00007_gt.npy,sample_00007_obstacles.npy,sample_00007_path_0.csv,50
sample_00321,0,demo,,,,,sample_00321_gt.npy,sample_00321_obstacles.npy,sample_00321_path_0.csv,50
sample_00297,0,demo,,,,,sample_00297_gt.npy,sample_00297_obstacles.npy,sample_00297_path_0.csv,50
sample_00297,4,demo,,,,,sample_00297_gt.npy,sample_00297_obstacles.npy,sample_00297_path_4.csv,50
sample_00101,1,demo,,,,,sample_00101_gt.npy,sample_00101_obstacles.npy,sample_00101_path_1.csv,50
sample_00313,3,demo,,,,,sample_00313_gt.npy,sample_00313_obstacles.npy,sample_00313_path_3.csv,50
sample_00300,0,demo,,,,,sample_00300_gt.npy,sample_00300_obstacles.npy,sample_00300_path_0.csv,50
sample_00300,1,demo,,,,,sample_00300_gt.npy,sample_00300_obstacles.npy,sample_00300_path_1.csv,50
sample_00001,2,demo,,,,,sample_00001_gt.npy,sample_00001_obstacles.npy,sample_00001_path_2.csv,50
sample_00001,4,demo,,,,,sample_00001_gt.npy,sample_00001_obstacles.npy,sample_00001_path_4.csv,50
sample_00111,1,demo,,,,,sample_00111_gt.npy,sample_00111_obstacles.npy,sample_00111_path_1.csv,50
sample_00254,0,demo,,,,,sample_00254_gt.npy,sample_00254_obstacles.npy,sample_00254_path_0.csv,50
sample_00254,4,demo,,,,,sample_00254_gt.npy,sample_00254_obstacles.npy,sample_00254_path_4.csv,50
sample_00061,1,demo,,,,,sample_00061_gt.npy,sample_00061_obstacles.npy,sample_00061_path_1.csv,50
sample_00061,4,demo,,,,,sample_00061_gt.npy,sample_00061_obstacles.npy,sample_00061_path_4.csv,50
sample_00290,2,demo,,,,,sample_00290_gt.npy,sample_00290_obstacles.npy,sample_00290_path_2.csv,50
sample_00040,4,demo,,,,,sample_00040_gt.npy,sample_00040_obstacles.npy,sample_00040_path_4.csv,50
sample_00040,0,demo,,,,,sample_00040_gt.npy,sample_00040_obstacles.npy,sample_00040_path_0.csv,50
sample_00040,1,demo,,,,,sample_00040_gt.npy,sample_00040_obstacles.npy,sample_00040_path_1.csv,50
sample_00276,1,demo,,,,,sample_00276_gt.npy,sample_00276_obstacles.npy,sample_00276_path_1.csv,50
sample_00276,2,demo,,,,,sample_00276_gt.npy,sample_00276_obstacles.npy,sample_00276_path_2.csv,50
sample_00276,4,demo,,,,,sample_00276_gt.npy,sample_00276_obstacles.npy,sample_00276_path_4.csv,50
sample_00237,2,demo,,,,,sample_00237_gt.npy,sample_00237_obstacles.npy,sample_00237_path_2.csv,50
sample_00237,4,demo,,,,,sample_00237_gt.npy,sample_00237_obstacles.npy,sample_00237_path_4.csv,50
sample_00127,1,demo,,,,,sample_00127_gt.npy,sample_00127_obstacles.npy,sample_00127_path_1.csv,50
sample_00127,4,demo,,,,,sample_00127_gt.npy,sample_00127_obstacles.npy,sample_00127_path_4.csv,50
sample_00140,2,demo,,,,,sample_00140_gt.npy,sample_00140_obstacles.npy,sample_00140_path_2.csv,50
sample_00140,4,demo,,,,,sample_00140_gt.npy,sample_00140_obstacles.npy,sample_00140_path_4.csv,50
sample_00140,0,demo,,,,,sample_00140_gt.npy,sample_00140_obstacles.npy,sample_00140_path_0.csv,50
sample_00140,3,demo,,,,,sample_00140_gt.npy,sample_00140_obstacles.npy,sample_00140_path_3.csv,50
sample_00166,3,demo,,,,,sample_00166_gt.npy,sample_00166_obstacles.npy,sample_00166_path_3.csv,50
sample_00294,0,demo,,,,,sample_00294_gt.npy,sample_00294_obstacles.npy,sample_00294_path_0.csv,50
sample_00112,1,demo,,,,,sample_00112_gt.npy,sample_00112_obstacles.npy,sample_00112_path_1.csv,50
sample_00112,3,demo,,,,,sample_00112_gt.npy,sample_00112_obstacles.npy,sample_00112_path_3.csv,50
sample_00112,4,demo,,,,,sample_00112_gt.npy,sample_00112_obstacles.npy,sample_00112_path_4.csv,50
sample_00112,0,demo,,,,,sample_00112_gt.npy,sample_00112_obstacles.npy,sample_00112_path_0.csv,50
sample_00220,3,demo,,,,,sample_00220_gt.npy,sample_00220_obstacles.npy,sample_00220_path_3.csv,50
sample_00220,2,demo,,,,,sample_00220_gt.npy,sample_00220_obstacles.npy,sample_00220_path_2.csv,50
sample_00150,2,demo,,,,,sample_00150_gt.npy,sample_00150_obstacles.npy,sample_00150_path_2.csv,50
sample_00150,1,demo,,,,,sample_00150_gt.npy,sample_00150_obstacles.npy,sample_00150_path_1.csv,50
sample_00150,4,demo,,,,,sample_00150_gt.npy,sample_00150_obstacles.npy,sample_00150_path_4.csv,50
sample_00264,2,demo,,,,,sample_00264_gt.npy,sample_00264_obstacles.npy,sample_00264_path_2.csv,50
sample_00057,1,demo,,,,,sample_00057_gt.npy,sample_00057_obstacles.npy,sample_00057_path_1.csv,50
sample_00310,1,demo,,,,,sample_00310_gt.npy,sample_00310_obstacles.npy,sample_00310_path_1.csv,50
sample_00126,3,demo,,,,,sample_00126_gt.npy,sample_00126_obstacles.npy,sample_00126_path_3.csv,50
sample_00100,1,demo,,,,,sample_00100_gt.npy,sample_00100_obstacles.npy,sample_00100_path_1.csv,50
sample_00277,1,demo,,,,,sample_00277_gt.npy,sample_00277_obstacles.npy,sample_00277_path_1.csv,50
sample_00277,3,demo,,,,,sample_00277_gt.npy,sample_00277_obstacles.npy,sample_00277_path_3.csv,50
sample_00244,0,demo,,,,,sample_00244_gt.npy,sample_00244_obstacles.npy,sample_00244_path_0.csv,50
sample_00203,1,demo,,,,,sample_00203_gt.npy,sample_00203_obstacles.npy,sample_00203_path_1.csv,50
sample_00089,1,demo,,,,,sample_00089_gt.npy,sample_00089_obstacles.npy,sample_00089_path_1.csv,50
sample_00135,3,demo,,,,,sample_00135_gt.npy,sample_00135_obstacles.npy,sample_00135_path_3.csv,50
sample_00135,0,demo,,,,,sample_00135_gt.npy,sample_00135_obstacles.npy,sample_00135_path_0.csv,50
sample_00124,0,demo,,,,,sample_00124_gt.npy,sample_00124_obstacles.npy,sample_00124_path_0.csv,50
sample_00124,3,demo,,,,,sample_00124_gt.npy,sample_00124_obstacles.npy,sample_00124_path_3.csv,50
sample_00060,4,demo,,,,,sample_00060_gt.npy,sample_00060_obstacles.npy,sample_00060_path_4.csv,50
sample_00312,3,demo,,,,,sample_00312_gt.npy,sample_00312_obstacles.npy,sample_00312_path_3.csv,50
sample_00088,0,demo,,,,,sample_00088_gt.npy,sample_00088_obstacles.npy,sample_00088_path_0.csv,50
sample_00088,1,demo,,,,,sample_00088_gt.npy,sample_00088_obstacles.npy,sample_00088_path_1.csv,50
sample_00034,2,demo,,,,,sample_00034_gt.npy,sample_00034_obstacles.npy,sample_00034_path_2.csv,50
sample_00034,0,demo,,,,,sample_00034_gt.npy,sample_00034_obstacles.npy,sample_00034_path_0.csv,50
sample_00191,2,demo,,,,,sample_00191_gt.npy,sample_00191_obstacles.npy,sample_00191_path_2.csv,50
sample_00191,4,demo,,,,,sample_00191_gt.npy,sample_00191_obstacles.npy,sample_00191_path_4.csv,50
sample_00053,3,demo,,,,,sample_00053_gt.npy,sample_00053_obstacles.npy,sample_00053_path_3.csv,50
sample_00194,1,demo,,,,,sample_00194_gt.npy,sample_00194_obstacles.npy,sample_00194_path_1.csv,50
sample_00194,4,demo,,,,,sample_00194_gt.npy,sample_00194_obstacles.npy,sample_00194_path_4.csv,50
sample_00194,0,demo,,,,,sample_00194_gt.npy,sample_00194_obstacles.npy,sample_00194_path_0.csv,50
sample_00194,3,demo,,,,,sample_00194_gt.npy,sample_00194_obstacles.npy,sample_00194_path_3.csv,50
sample_00023,0,demo,,,,,sample_00023_gt.npy,sample_00023_obstacles.npy,sample_00023_path_0.csv,50
sample_00023,2,demo,,,,,sample_00023_gt.npy,sample_00023_obstacles.npy,sample_00023_path_2.csv,50
sample_00023,3,demo,,,,,sample_00023_gt.npy,sample_00023_obstacles.npy,sample_00023_path_3.csv,50
sample_00213,3,demo,,,,,sample_00213_gt.npy,sample_00213_obstacles.npy,sample_00213_path_3.csv,50
sample_00213,0,demo,,,,,sample_00213_gt.npy,sample_00213_obstacles.npy,sample_00213_path_0.csv,50
sample_00263,0,demo,,,,,sample_00263_gt.npy,sample_00263_obstacles.npy,sample_00263_path_0.csv,50
sample_00263,1,demo,,,,,sample_00263_gt.npy,sample_00263_obstacles.npy,sample_00263_path_1.csv,50
sample_00263,4,demo,,,,,sample_00263_gt.npy,sample_00263_obstacles.npy,sample_00263_path_4.csv,50
sample_00263,2,demo,,,,,sample_00263_gt.npy,sample_00263_obstacles.npy,sample_00263_path_2.csv,50
sample_00283,0,demo,,,,,sample_00283_gt.npy,sample_00283_obstacles.npy,sample_00283_path_0.csv,50
sample_00283,4,demo,,,,,sample_00283_gt.npy,sample_00283_obstacles.npy,sample_00283_path_4.csv,50
sample_00283,1,demo,,,,,sample_00283_gt.npy,sample_00283_obstacles.npy,sample_00283_path_1.csv,50
sample_00170,1,demo,,,,,sample_00170_gt.npy,sample_00170_obstacles.npy,sample_00170_path_1.csv,50
sample_00170,4,demo,,,,,sample_00170_gt.npy,sample_00170_obstacles.npy,sample_00170_path_4.csv,50
sample_00170,0,demo,,,,,sample_00170_gt.npy,sample_00170_obstacles.npy,sample_00170_path_0.csv,50
sample_00175,0,demo,,,,,sample_00175_gt.npy,sample_00175_obstacles.npy,sample_00175_path_0.csv,50
sample_00175,1,demo,,,,,sample_00175_gt.npy,sample_00175_obstacles.npy,sample_00175_path_1.csv,50
sample_00157,2,demo,,,,,sample_00157_gt.npy,sample_00157_obstacles.npy,sample_00157_path_2.csv,50
sample_00157,3,demo,,,,,sample_00157_gt.npy,sample_00157_obstacles.npy,sample_00157_path_3.csv,50
sample_00233,0,demo,,,,,sample_00233_gt.npy,sample_00233_obstacles.npy,sample_00233_path_0.csv,50
sample_00233,3,demo,,,,,sample_00233_gt.npy,sample_00233_obstacles.npy,sample_00233_path_3.csv,50
sample_00233,2,demo,,,,,sample_00233_gt.npy,sample_00233_obstacles.npy,sample_00233_path_2.csv,50
sample_00233,4,demo,,,,,sample_00233_gt.npy,sample_00233_obstacles.npy,sample_00233_path_4.csv,50
sample_00285,2,demo,,,,,sample_00285_gt.npy,sample_00285_obstacles.npy,sample_00285_path_2.csv,50
sample_00285,1,demo,,,,,sample_00285_gt.npy,sample_00285_obstacles.npy,sample_00285_path_1.csv,50
sample_00285,0,demo,,,,,sample_00285_gt.npy,sample_00285_obstacles.npy,sample_00285_path_0.csv,50
sample_00285,4,demo,,,,,sample_00285_gt.npy,sample_00285_obstacles.npy,sample_00285_path_4.csv,50
sample_00291,3,demo,,,,,sample_00291_gt.npy,sample_00291_obstacles.npy,sample_00291_path_3.csv,50
sample_00291,1,demo,,,,,sample_00291_gt.npy,sample_00291_obstacles.npy,sample_00291_path_1.csv,50
sample_00291,2,demo,,,,,sample_00291_gt.npy,sample_00291_obstacles.npy,sample_00291_path_2.csv,50
sample_00059,1,demo,,,,,sample_00059_gt.npy,sample_00059_obstacles.npy,sample_00059_path_1.csv,50
sample_00059,4,demo,,,,,sample_00059_gt.npy,sample_00059_obstacles.npy,sample_00059_path_4.csv,50
sample_00059,0,demo,,,,,sample_00059_gt.npy,sample_00059_obstacles.npy,sample_00059_path_0.csv,50
sample_00059,3,demo,,,,,sample_00059_gt.npy,sample_00059_obstacles.npy,sample_00059_path_3.csv,50
sample_00059,2,demo,,,,,sample_00059_gt.npy,sample_00059_obstacles.npy,sample_00059_path_2.csv,50
sample_00258,1,demo,,,,,sample_00258_gt.npy,sample_00258_obstacles.npy,sample_00258_path_1.csv,50
sample_00258,4,demo,,,,,sample_00258_gt.npy,sample_00258_obstacles.npy,sample_00258_path_4.csv,50
sample_00258,0,demo,,,,,sample_00258_gt.npy,sample_00258_obstacles.npy,sample_00258_path_0.csv,50
sample_00224,3,demo,,,,,sample_00224_gt.npy,sample_00224_obstacles.npy,sample_00224_path_3.csv,50
sample_00224,1,demo,,,,,sample_00224_gt.npy,sample_00224_obstacles.npy,sample_00224_path_1.csv,50
sample_00238,0,demo,,,,,sample_00238_gt.npy,sample_00238_obstacles.npy,sample_00238_path_0.csv,50
sample_00238,2,demo,,,,,sample_00238_gt.npy,sample_00238_obstacles.npy,sample_00238_path_2.csv,50
sample_00033,2,demo,,,,,sample_00033_gt.npy,sample_00033_obstacles.npy,sample_00033_path_2.csv,50
sample_00033,1,demo,,,,,sample_00033_gt.npy,sample_00033_obstacles.npy,sample_00033_path_1.csv,50
sample_00144,4,demo,,,,,sample_00144_gt.npy,sample_00144_obstacles.npy,sample_00144_path_4.csv,50
sample_00091,2,demo,,,,,sample_00091_gt.npy,sample_00091_obstacles.npy,sample_00091_path_2.csv,50
sample_00091,0,demo,,,,,sample_00091_gt.npy,sample_00091_obstacles.npy,sample_00091_path_0.csv,50
sample_00091,4,demo,,,,,sample_00091_gt.npy,sample_00091_obstacles.npy,sample_00091_path_4.csv,50
sample_00091,1,demo,,,,,sample_00091_gt.npy,sample_00091_obstacles.npy,sample_00091_path_1.csv,50
sample_00217,3,demo,,,,,sample_00217_gt.npy,sample_00217_obstacles.npy,sample_00217_path_3.csv,50
sample_00217,0,demo,,,,,sample_00217_gt.npy,sample_00217_obstacles.npy,sample_00217_path_0.csv,50
sample_00217,4,demo,,,,,sample_00217_gt.npy,sample_00217_obstacles.npy,sample_00217_path_4.csv,50
sample_00217,1,demo,,,,,sample_00217_gt.npy,sample_00217_obstacles.npy,sample_00217_path_1.csv,50
sample_00212,0,demo,,,,,sample_00212_gt.npy,sample_00212_obstacles.npy,sample_00212_path_0.csv,50
sample_00212,4,demo,,,,,sample_00212_gt.npy,sample_00212_obstacles.npy,sample_00212_path_4.csv,50
sample_00212,1,demo,,,,,sample_00212_gt.npy,sample_00212_obstacles.npy,sample_00212_path_1.csv,50
sample_00212,2,demo,,,,,sample_00212_gt.npy,sample_00212_obstacles.npy,sample_00212_path_2.csv,50
sample_00212,3,demo,,,,,sample_00212_gt.npy,sample_00212_obstacles.npy,sample_00212_path_3.csv,50
sample_00242,2,demo,,,,,sample_00242_gt.npy,sample_00242_obstacles.npy,sample_00242_path_2.csv,50
sample_00242,3,demo,,,,,sample_00242_gt.npy,sample_00242_obstacles.npy,sample_00242_path_3.csv,50
sample_00242,0,demo,,,,,sample_00242_gt.npy,sample_00242_obstacles.npy,sample_00242_path_0.csv,50
sample_00242,1,demo,,,,,sample_00242_gt.npy,sample_00242_obstacles.npy,sample_00242_path_1.csv,50
sample_00239,2,demo,,,,,sample_00239_gt.npy,sample_00239_obstacles.npy,sample_00239_path_2.csv,50
sample_00239,4,demo,,,,,sample_00239_gt.npy,sample_00239_obstacles.npy,sample_00239_path_4.csv,50
sample_00301,0,demo,,,,,sample_00301_gt.npy,sample_00301_obstacles.npy,sample_00301_path_0.csv,50
sample_00301,3,demo,,,,,sample_00301_gt.npy,sample_00301_obstacles.npy,sample_00301_path_3.csv,50
sample_00301,1,demo,,,,,sample_00301_gt.npy,sample_00301_obstacles.npy,sample_00301_path_1.csv,50
sample_00243,0,demo,,,,,sample_00243_gt.npy,sample_00243_obstacles.npy,sample_00243_path_0.csv,50
sample_00243,4,demo,,,,,sample_00243_gt.npy,sample_00243_obstacles.npy,sample_00243_path_4.csv,50
sample_00243,2,demo,,,,,sample_00243_gt.npy,sample_00243_obstacles.npy,sample_00243_path_2.csv,50
sample_00094,0,demo,,,,,sample_00094_gt.npy,sample_00094_obstacles.npy,sample_00094_path_0.csv,50
sample_00094,3,demo,,,,,sample_00094_gt.npy,sample_00094_obstacles.npy,sample_00094_path_3.csv,50
sample_00227,3,demo,,,,,sample_00227_gt.npy,sample_00227_obstacles.npy,sample_00227_path_3.csv,50
sample_00188,3,demo,,,,,sample_00188_gt.npy,sample_00188_obstacles.npy,sample_00188_path_3.csv,50
sample_00284,1,demo,,,,,sample_00284_gt.npy,sample_00284_obstacles.npy,sample_00284_path_1.csv,50
sample_00284,4,demo,,,,,sample_00284_gt.npy,sample_00284_obstacles.npy,sample_00284_path_4.csv,50
sample_00284,0,demo,,,,,sample_00284_gt.npy,sample_00284_obstacles.npy,sample_00284_path_0.csv,50
sample_00068,4,demo,,,,,sample_00068_gt.npy,sample_00068_obstacles.npy,sample_00068_path_4.csv,50
sample_00068,3,demo,,,,,sample_00068_gt.npy,sample_00068_obstacles.npy,sample_00068_path_3.csv,50
sample_00116,2,demo,,,,,sample_00116_gt.npy,sample_00116_obstacles.npy,sample_00116_path_2.csv,50
sample_00279,1,demo,,,,,sample_00279_gt.npy,sample_00279_obstacles.npy,sample_00279_path_1.csv,50
sample_00169,2,demo,,,,,sample_00169_gt.npy,sample_00169_obstacles.npy,sample_00169_path_2.csv,50
sample_00169,3,demo,,,,,sample_00169_gt.npy,sample_00169_obstacles.npy,sample_00169_path_3.csv,50
sample_00136,0,demo,,,,,sample_00136_gt.npy,sample_00136_obstacles.npy,sample_00136_path_0.csv,50
sample_00136,4,demo,,,,,sample_00136_gt.npy,sample_00136_obstacles.npy,sample_00136_path_4.csv,50
sample_00136,2,demo,,,,,sample_00136_gt.npy,sample_00136_obstacles.npy,sample_00136_path_2.csv,50
sample_00136,1,demo,,,,,sample_00136_gt.npy,sample_00136_obstacles.npy,sample_00136_path_1.csv,50
sample_00317,1,demo,,,,,sample_00317_gt.npy,sample_00317_obstacles.npy,sample_00317_path_1.csv,50
sample_00180,3,demo,,,,,sample_00180_gt.npy,sample_00180_obstacles.npy,sample_00180_path_3.csv,50
sample_00180,0,demo,,,,,sample_00180_gt.npy,sample_00180_obstacles.npy,sample_00180_path_0.csv,50
sample_00296,4,demo,,,,,sample_00296_gt.npy,sample_00296_obstacles.npy,sample_00296_path_4.csv,50
sample_00296,3,demo,,,,,sample_00296_gt.npy,sample_00296_obstacles.npy,sample_00296_path_3.csv,50
sample_00128,0,demo,,,,,sample_00128_gt.npy,sample_00128_obstacles.npy,sample_00128_path_0.csv,50
sample_00184,2,demo,,,,,sample_00184_gt.npy,sample_00184_obstacles.npy,sample_00184_path_2.csv,50
sample_00184,0,demo,,,,,sample_00184_gt.npy,sample_00184_obstacles.npy,sample_00184_path_0.csv,50
sample_00056,3,demo,,,,,sample_00056_gt.npy,sample_00056_obstacles.npy,sample_00056_path_3.csv,50
sample_00056,4,demo,,,,,sample_00056_gt.npy,sample_00056_obstacles.npy,sample_00056_path_4.csv,50
sample_00056,2,demo,,,,,sample_00056_gt.npy,sample_00056_obstacles.npy,sample_00056_path_2.csv,50
sample_00030,1,demo,,,,,sample_00030_gt.npy,sample_00030_obstacles.npy,sample_00030_path_1.csv,50
sample_00030,2,demo,,,,,sample_00030_gt.npy,sample_00030_obstacles.npy,sample_00030_path_2.csv,50
sample_00325,2,demo,,,,,sample_00325_gt.npy,sample_00325_obstacles.npy,sample_00325_path_2.csv,50
sample_00325,3,demo,,,,,sample_00325_gt.npy,sample_00325_obstacles.npy,sample_00325_path_3.csv,50
sample_00325,4,demo,,,,,sample_00325_gt.npy,sample_00325_obstacles.npy,sample_00325_path_4.csv,50
sample_00325,0,demo,,,,,sample_00325_gt.npy,sample_00325_obstacles.npy,sample_00325_path_0.csv,50
sample_00004,3,demo,,,,,sample_00004_gt.npy,sample_00004_obstacles.npy,sample_00004_path_3.csv,50
sample_00335,2,demo,,,,,sample_00335_gt.npy,sample_00335_obstacles.npy,sample_00335_path_2.csv,50
sample_00335,0,demo,,,,,sample_00335_gt.npy,sample_00335_obstacles.npy,sample_00335_path_0.csv,50
sample_00109,3,demo,,,,,sample_00109_gt.npy,sample_00109_obstacles.npy,sample_00109_path_3.csv,50
sample_00171,2,demo,,,,,sample_00171_gt.npy,sample_00171_obstacles.npy,sample_00171_path_2.csv,50
sample_00147,1,demo,,,,,sample_00147_gt.npy,sample_00147_obstacles.npy,sample_00147_path_1.csv,50
sample_00147,0,demo,,,,,sample_00147_gt.npy,sample_00147_obstacles.npy,sample_00147_path_0.csv,50
sample_00292,4,demo,,,,,sample_00292_gt.npy,sample_00292_obstacles.npy,sample_00292_path_4.csv,50
sample_00292,0,demo,,,,,sample_00292_gt.npy,sample_00292_obstacles.npy,sample_00292_path_0.csv,50
sample_00282,4,demo,,,,,sample_00282_gt.npy,sample_00282_obstacles.npy,sample_00282_path_4.csv,50
sample_00282,3,demo,,,,,sample_00282_gt.npy,sample_00282_obstacles.npy,sample_00282_path_3.csv,50
sample_00282,1,demo,,,,,sample_00282_gt.npy,sample_00282_obstacles.npy,sample_00282_path_1.csv,50
sample_00282,0,demo,,,,,sample_00282_gt.npy,sample_00282_obstacles.npy,sample_00282_path_0.csv,50
sample_00199,3,demo,,,,,sample_00199_gt.npy,sample_00199_obstacles.npy,sample_00199_path_3.csv,50
sample_00303,2,demo,,,,,sample_00303_gt.npy,sample_00303_obstacles.npy,sample_00303_path_2.csv,50
sample_00303,4,demo,,,,,sample_00303_gt.npy,sample_00303_obstacles.npy,sample_00303_path_4.csv,50
sample_00303,1,demo,,,,,sample_00303_gt.npy,sample_00303_obstacles.npy,sample_00303_path_1.csv,50
sample_00058,1,demo,,,,,sample_00058_gt.npy,sample_00058_obstacles.npy,sample_00058_path_1.csv,50
sample_00342,1,demo,,,,,sample_00342_gt.npy,sample_00342_obstacles.npy,sample_00342_path_1.csv,50
sample_00342,3,demo,,,,,sample_00342_gt.npy,sample_00342_obstacles.npy,sample_00342_path_3.csv,50
sample_00259,2,demo,,,,,sample_00259_gt.npy,sample_00259_obstacles.npy,sample_00259_path_2.csv,50
sample_00259,0,demo,,,,,sample_00259_gt.npy,sample_00259_obstacles.npy,sample_00259_path_0.csv,50
sample_00318,1,demo,,,,,sample_00318_gt.npy,sample_00318_obstacles.npy,sample_00318_path_1.csv,50
sample_00318,3,demo,,,,,sample_00318_gt.npy,sample_00318_obstacles.npy,sample_00318_path_3.csv,50
sample_00253,3,demo,,,,,sample_00253_gt.npy,sample_00253_obstacles.npy,sample_00253_path_3.csv,50
sample_00253,1,demo,,,,,sample_00253_gt.npy,sample_00253_obstacles.npy,sample_00253_path_1.csv,50
sample_00024,0,demo,,,,,sample_00024_gt.npy,sample_00024_obstacles.npy,sample_00024_path_0.csv,50
sample_00024,2,demo,,,,,sample_00024_gt.npy,sample_00024_obstacles.npy,sample_00024_path_2.csv,50
sample_00024,4,demo,,,,,sample_00024_gt.npy,sample_00024_obstacles.npy,sample_00024_path_4.csv,50
sample_00024,1,demo,,,,,sample_00024_gt.npy,sample_00024_obstacles.npy,sample_00024_path_1.csv,50
sample_00012,3,demo,,,,,sample_00012_gt.npy,sample_00012_obstacles.npy,sample_00012_path_3.csv,50
sample_00012,1,demo,,,,,sample_00012_gt.npy,sample_00012_obstacles.npy,sample_00012_path_1.csv,50
sample_00012,0,demo,,,,,sample_00012_gt.npy,sample_00012_obstacles.npy,sample_00012_path_0.csv,50
sample_00012,2,demo,,,,,sample_00012_gt.npy,sample_00012_obstacles.npy,sample_00012_path_2.csv,50
sample_00012,4,demo,,,,,sample_00012_gt.npy,sample_00012_obstacles.npy,sample_00012_path_4.csv,50
sample_00043,3,demo,,,,,sample_00043_gt.npy,sample_00043_obstacles.npy,sample_00043_path_3.csv,50
sample_00043,1,demo,,,,,sample_00043_gt.npy,sample_00043_obstacles.npy,sample_00043_path_1.csv,50
sample_00043,2,demo,,,,,sample_00043_gt.npy,sample_00043_obstacles.npy,sample_00043_path_2.csv,50
sample_00151,0,demo,,,,,sample_00151_gt.npy,sample_00151_obstacles.npy,sample_00151_path_0.csv,50
sample_00151,4,demo,,,,,sample_00151_gt.npy,sample_00151_obstacles.npy,sample_00151_path_4.csv,50
sample_00095,0,demo,,,,,sample_00095_gt.npy,sample_00095_obstacles.npy,sample_00095_path_0.csv,50
sample_00095,4,demo,,,,,sample_00095_gt.npy,sample_00095_obstacles.npy,sample_00095_path_4.csv,50
sample_00095,3,demo,,,,,sample_00095_gt.npy,sample_00095_obstacles.npy,sample_00095_path_3.csv,50
sample_00095,2,demo,,,,,sample_00095_gt.npy,sample_00095_obstacles.npy,sample_00095_path_2.csv,50
sample_00095,1,demo,,,,,sample_00095_gt.npy,sample_00095_obstacles.npy,sample_00095_path_1.csv,50
sample_00204,3,demo,,,,,sample_00204_gt.npy,sample_00204_obstacles.npy,sample_00204_path_3.csv,50
sample_00204,2,demo,,,,,sample_00204_gt.npy,sample_00204_obstacles.npy,sample_00204_path_2.csv,50
sample_00204,0,demo,,,,,sample_00204_gt.npy,sample_00204_obstacles.npy,sample_00204_path_0.csv,50
sample_00204,4,demo,,,,,sample_00204_gt.npy,sample_00204_obstacles.npy,sample_00204_path_4.csv,50
sample_00204,1,demo,,,,,sample_00204_gt.npy,sample_00204_obstacles.npy,sample_00204_path_1.csv,50
sample_00168,3,demo,,,,,sample_00168_gt.npy,sample_00168_obstacles.npy,sample_00168_path_3.csv,50
sample_00323,1,demo,,,,,sample_00323_gt.npy,sample_00323_obstacles.npy,sample_00323_path_1.csv,50
sample_00179,3,demo,,,,,sample_00179_gt.npy,sample_00179_obstacles.npy,sample_00179_path_3.csv,50
sample_00179,4,demo,,,,,sample_00179_gt.npy,sample_00179_obstacles.npy,sample_00179_path_4.csv,50
sample_00179,1,demo,,,,,sample_00179_gt.npy,sample_00179_obstacles.npy,sample_00179_path_1.csv,50
sample_00078,2,demo,,,,,sample_00078_gt.npy,sample_00078_obstacles.npy,sample_00078_path_2.csv,50
sample_00078,0,demo,,,,,sample_00078_gt.npy,sample_00078_obstacles.npy,sample_00078_path_0.csv,50
sample_00078,4,demo,,,,,sample_00078_gt.npy,sample_00078_obstacles.npy,sample_00078_path_4.csv,50
sample_00298,3,demo,,,,,sample_00298_gt.npy,sample_00298_obstacles.npy,sample_00298_path_3.csv,50
sample_00298,1,demo,,,,,sample_00298_gt.npy,sample_00298_obstacles.npy,sample_00298_path_1.csv,50
sample_00298,2,demo,,,,,sample_00298_gt.npy,sample_00298_obstacles.npy,sample_00298_path_2.csv,50
sample_00051,1,demo,,,,,sample_00051_gt.npy,sample_00051_obstacles.npy,sample_00051_path_1.csv,50
sample_00039,3,demo,,,,,sample_00039_gt.npy,sample_00039_obstacles.npy,sample_00039_path_3.csv,50
sample_00039,4,demo,,,,,sample_00039_gt.npy,sample_00039_obstacles.npy,sample_00039_path_4.csv,50
sample_00039,1,demo,,,,,sample_00039_gt.npy,sample_00039_obstacles.npy,sample_00039_path_1.csv,50
sample_00008,3,demo,,,,,sample_00008_gt.npy,sample_00008_obstacles.npy,sample_00008_path_3.csv,50
sample_00063,0,demo,,,,,sample_00063_gt.npy,sample_00063_obstacles.npy,sample_00063_path_0.csv,50
sample_00200,4,demo,,,,,sample_00200_gt.npy,sample_00200_obstacles.npy,sample_00200_path_4.csv,50
sample_00200,0,demo,,,,,sample_00200_gt.npy,sample_00200_obstacles.npy,sample_00200_path_0.csv,50
sample_00289,1,demo,,,,,sample_00289_gt.npy,sample_00289_obstacles.npy,sample_00289_path_1.csv,50
sample_00337,2,demo,,,,,sample_00337_gt.npy,sample_00337_obstacles.npy,sample_00337_path_2.csv,50
sample_00341,3,demo,,,,,sample_00341_gt.npy,sample_00341_obstacles.npy,sample_00341_path_3.csv,50
sample_00341,0,demo,,,,,sample_00341_gt.npy,sample_00341_obstacles.npy,sample_00341_path_0.csv,50
sample_00341,4,demo,,,,,sample_00341_gt.npy,sample_00341_obstacles.npy,sample_00341_path_4.csv,50
sample_00332,1,demo,,,,,sample_00332_gt.npy,sample_00332_obstacles.npy,sample_00332_path_1.csv,50
sample_00009,0,demo,,,,,sample_00009_gt.npy,sample_00009_obstacles.npy,sample_00009_path_0.csv,50
sample_00009,1,demo,,,,,sample_00009_gt.npy,sample_00009_obstacles.npy,sample_00009_path_1.csv,50
sample_00009,4,demo,,,,,sample_00009_gt.npy,sample_00009_obstacles.npy,sample_00009_path_4.csv,50
sample_00009,3,demo,,,,,sample_00009_gt.npy,sample_00009_obstacles.npy,sample_00009_path_3.csv,50
sample_00009,2,demo,,,,,sample_00009_gt.npy,sample_00009_obstacles.npy,sample_00009_path_2.csv,50
sample_00139,1,demo,,,,,sample_00139_gt.npy,sample_00139_obstacles.npy,sample_00139_path_1.csv,50
sample_00139,3,demo,,,,,sample_00139_gt.npy,sample_00139_obstacles.npy,sample_00139_path_3.csv,50
sample_00322,2,demo,,,,,sample_00322_gt.npy,sample_00322_obstacles.npy,sample_00322_path_2.csv,50
sample_00214,4,demo,,,,,sample_00214_gt.npy,sample_00214_obstacles.npy,sample_00214_path_4.csv,50
sample_00214,2,demo,,,,,sample_00214_gt.npy,sample_00214_obstacles.npy,sample_00214_path_2.csv,50
sample_00214,0,demo,,,,,sample_00214_gt.npy,sample_00214_obstacles.npy,sample_00214_path_0.csv,50
sample_00214,1,demo,,,,,sample_00214_gt.npy,sample_00214_obstacles.npy,sample_00214_path_1.csv,50
sample_00266,1,demo,,,,,sample_00266_gt.npy,sample_00266_obstacles.npy,sample_00266_path_1.csv,50
sample_00266,2,demo,,,,,sample_00266_gt.npy,sample_00266_obstacles.npy,sample_00266_path_2.csv,50
sample_00266,4,demo,,,,,sample_00266_gt.npy,sample_00266_obstacles.npy,sample_00266_path_4.csv,50
sample_00266,0,demo,,,,,sample_00266_gt.npy,sample_00266_obstacles.npy,sample_00266_path_0.csv,50
sample_00266,3,demo,,,,,sample_00266_gt.npy,sample_00266_obstacles.npy,sample_00266_path_3.csv,50
sample_00066,1,demo,,,,,sample_00066_gt.npy,sample_00066_obstacles.npy,sample_00066_path_1.csv,50
sample_00066,0,demo,,,,,sample_00066_gt.npy,sample_00066_obstacles.npy,sample_00066_path_0.csv,50
sample_00066,2,demo,,,,,sample_00066_gt.npy,sample_00066_obstacles.npy,sample_00066_path_2.csv,50
sample_00066,4,demo,,,,,sample_00066_gt.npy,sample_00066_obstacles.npy,sample_00066_path_4.csv,50
sample_00329,4,demo,,,,,sample_00329_gt.npy,sample_00329_obstacles.npy,sample_00329_path_4.csv,50
sample_00329,0,demo,,,,,sample_00329_gt.npy,sample_00329_obstacles.npy,sample_00329_path_0.csv,50
sample_00236,0,demo,,,,,sample_00236_gt.npy,sample_00236_obstacles.npy,sample_00236_path_0.csv,50
sample_00236,1,demo,,,,,sample_00236_gt.npy,sample_00236_obstacles.npy,sample_00236_path_1.csv,50
sample_00236,3,demo,,,,,sample_00236_gt.npy,sample_00236_obstacles.npy,sample_00236_path_3.csv,50
sample_00155,3,demo,,,,,sample_00155_gt.npy,sample_00155_obstacles.npy,sample_00155_path_3.csv,50
sample_00146,3,demo,,,,,sample_00146_gt.npy,sample_00146_obstacles.npy,sample_00146_path_3.csv,50
sample_00070,1,demo,,,,,sample_00070_gt.npy,sample_00070_obstacles.npy,sample_00070_path_1.csv,50
sample_00070,3,demo,,,,,sample_00070_gt.npy,sample_00070_obstacles.npy,sample_00070_path_3.csv,50
